gcp_source,openbao_kv_path,field,live_eso_bindings,status
prod-mark8ly-audit-ingest-secret,kv/mark8ly/app/mark8ly-audit-ingest-secret,value,2,archived; staging and cutover pending
prod-mark8ly-break-glass-ip-hmac-key,kv/mark8ly/app/mark8ly-break-glass-ip-hmac-key,value,1,archived; staging and cutover pending
prod-mark8ly-console-catalog-client-id,kv/mark8ly/app/mark8ly-console-catalog-client-id,value,1,archived; staging and cutover pending
prod-mark8ly-console-catalog-client-secret,kv/mark8ly/app/mark8ly-console-catalog-client-secret,value,1,archived; staging and cutover pending
prod-mark8ly-email-otp-pepper,kv/mark8ly/app/mark8ly-email-otp-pepper,value,1,archived; staging and cutover pending
prod-mark8ly-gip-server-api-key,kv/mark8ly/app/mark8ly-gip-server-api-key,value,1,archived; staging and cutover pending
prod-mark8ly-gip-web-api-key,kv/mark8ly/app/mark8ly-gip-web-api-key,value,2,archived; staging and cutover pending
prod-mark8ly-gip-web-api-key-resource-name,kv/mark8ly/app/mark8ly-gip-web-api-key-resource-name,value,1,archived; staging and cutover pending
prod-mark8ly-marketplace-api-db-password,kv/mark8ly/app/mark8ly-marketplace-api-db-password,value,1,archived; staging and cutover pending
prod-mark8ly-marketplace-api-encryption-key,kv/mark8ly/app/mark8ly-marketplace-api-encryption-key,value,1,archived; staging and cutover pending
prod-mark8ly-marketplace-api-internal-auth,kv/mark8ly/app/mark8ly-marketplace-api-internal-auth,value,2,archived; staging and cutover pending
prod-mark8ly-marketplace-api-platform-admin,kv/mark8ly/app/mark8ly-marketplace-api-platform-admin,value,2,archived; staging and cutover pending
prod-mark8ly-marketplace-api-storefront-key,kv/mark8ly/app/mark8ly-marketplace-api-storefront-key,value,1,archived; staging and cutover pending
prod-mark8ly-oauth-client-secret,kv/mark8ly/app/mark8ly-oauth-client-secret,value,3,archived; staging and cutover pending
prod-mark8ly-openfga-db-password,kv/mark8ly/app/mark8ly-openfga-db-password,value,1,archived; staging and cutover pending
prod-mark8ly-otto-internal-auth,kv/mark8ly/app/mark8ly-otto-internal-auth,value,0,archived; staging and cutover pending
prod-mark8ly-otto-session-secret,kv/mark8ly/app/mark8ly-otto-session-secret,value,1,archived; staging and cutover pending
prod-mark8ly-platform-admin-password,kv/mark8ly/app/mark8ly-platform-admin-password,value,1,archived; staging and cutover pending
prod-mark8ly-platform-api-db-password,kv/mark8ly/app/mark8ly-platform-api-db-password,value,2,archived; staging and cutover pending
prod-mark8ly-platform-api-internal-auth,kv/mark8ly/app/mark8ly-platform-api-internal-auth,value,1,archived; staging and cutover pending
prod-mark8ly-platform-api-platform-admin,kv/mark8ly/app/mark8ly-platform-api-platform-admin,value,2,archived; staging and cutover pending
prod-mark8ly-resend-webhook-secret,kv/mark8ly/app/mark8ly-resend-webhook-secret,value,1,archived; staging and cutover pending
prod-mark8ly-sentry-auth-token,kv/mark8ly/app/mark8ly-sentry-auth-token,value,0,archived; staging and cutover pending
prod-mark8ly-sentry-dsn,kv/mark8ly/app/mark8ly-sentry-dsn,value,1,archived; staging and cutover pending
prod-mark8ly-session-encrypt-key,kv/mark8ly/app/mark8ly-session-encrypt-key,value,1,archived; staging and cutover pending
prod-mark8ly-stripe-billing-secret-key-live,kv/mark8ly/app/mark8ly-stripe-billing-secret-key-live,value,1,archived; staging and cutover pending
prod-mark8ly-stripe-billing-secret-key-sandbox,kv/mark8ly/app/mark8ly-stripe-billing-secret-key-sandbox,value,0,archived; staging and cutover pending
prod-mark8ly-stripe-billing-secret-key-test,kv/mark8ly/app/mark8ly-stripe-billing-secret-key-test,value,0,archived; staging and cutover pending
prod-mark8ly-stripe-billing-webhook-secret-live,kv/mark8ly/app/mark8ly-stripe-billing-webhook-secret-live,value,1,archived; staging and cutover pending
prod-mark8ly-stripe-billing-webhook-secret-sandbox,kv/mark8ly/app/mark8ly-stripe-billing-webhook-secret-sandbox,value,0,archived; staging and cutover pending
prod-mark8ly-stripe-billing-webhook-secret-test,kv/mark8ly/app/mark8ly-stripe-billing-webhook-secret-test,value,0,archived; staging and cutover pending
prod-mark8ly-supports-slack-webhook,kv/mark8ly/app/mark8ly-supports-slack-webhook,value,1,archived; staging and cutover pending
prod-mark8ly-uat-audit-ingest-secret,kv/mark8ly-uat/app/mark8ly-audit-ingest-secret,value,0,archived; staging and cutover pending
prod-mark8ly-uat-gip-web-api-key,kv/mark8ly-uat/app/mark8ly-gip-web-api-key,value,0,archived; staging and cutover pending
prod-mark8ly-uat-marketplace-api-db-password,kv/mark8ly-uat/app/mark8ly-marketplace-api-db-password,value,0,archived; staging and cutover pending
prod-mark8ly-uat-marketplace-api-encryption-key,kv/mark8ly-uat/app/mark8ly-marketplace-api-encryption-key,value,0,archived; staging and cutover pending
prod-mark8ly-uat-marketplace-api-internal-auth,kv/mark8ly-uat/app/mark8ly-marketplace-api-internal-auth,value,0,archived; staging and cutover pending
prod-mark8ly-uat-marketplace-api-storefront-key,kv/mark8ly-uat/app/mark8ly-marketplace-api-storefront-key,value,0,archived; staging and cutover pending
prod-mark8ly-uat-oauth-client-secret,kv/mark8ly-uat/app/mark8ly-oauth-client-secret,value,0,archived; staging and cutover pending
prod-mark8ly-uat-openfga-db-password,kv/mark8ly-uat/app/mark8ly-openfga-db-password,value,0,archived; staging and cutover pending
prod-mark8ly-uat-otto-internal-auth,kv/mark8ly-uat/app/mark8ly-otto-internal-auth,value,0,archived; staging and cutover pending
prod-mark8ly-uat-otto-session-secret,kv/mark8ly-uat/app/mark8ly-otto-session-secret,value,0,archived; staging and cutover pending
prod-mark8ly-uat-platform-api-db-password,kv/mark8ly-uat/app/mark8ly-platform-api-db-password,value,0,archived; staging and cutover pending
prod-mark8ly-uat-platform-api-internal-auth,kv/mark8ly-uat/app/mark8ly-platform-api-internal-auth,value,0,archived; staging and cutover pending
prod-mark8ly-uat-playwright-creds,kv/mark8ly-uat/app/mark8ly-playwright-creds,value,0,archived; staging and cutover pending
prod-mark8ly-uat-sentry-dsn,kv/mark8ly-uat/app/mark8ly-sentry-dsn,value,0,archived; staging and cutover pending
prod-mark8ly-uat-session-encrypt-key,kv/mark8ly-uat/app/mark8ly-session-encrypt-key,value,0,archived; staging and cutover pending
prod-mark8ly-uat-stripe-billing-secret-key,kv/mark8ly-uat/app/mark8ly-stripe-billing-secret-key,value,0,archived; staging and cutover pending
prod-mark8ly-uat-stripe-billing-webhook-secret,kv/mark8ly-uat/app/mark8ly-stripe-billing-webhook-secret,value,0,archived; staging and cutover pending
prod-mark8ly-zitadel-admin-client-id,kv/mark8ly/app/mark8ly-zitadel-admin-client-id,value,1,archived; staging and cutover pending
prod-mark8ly-zitadel-admin-client-secret,kv/mark8ly/app/mark8ly-zitadel-admin-client-secret,value,1,archived; staging and cutover pending
prod-mark8ly-zitadel-login-client-token,kv/mark8ly/app/mark8ly-zitadel-login-client-token,value,1,archived; staging and cutover pending
prod-mark8ly-zitadel-storefront-client-id,kv/mark8ly/app/mark8ly-zitadel-storefront-client-id,value,0,archived; staging and cutover pending
prod-mark8ly-zitadel-storefront-client-secret,kv/mark8ly/app/mark8ly-zitadel-storefront-client-secret,value,0,archived; staging and cutover pending
prod-support-platform-mark8ly-mcp-key,kv/mark8ly/app/mark8ly-mcp-key,value,3,archived; staging and cutover pending
